110000,北京市,0,
110101,东城区,2,
110102,西城区,2,
110105,朝阳区,2,
110106,丰台区,2,
110107,石景山区,2,
110108,海淀区,2,
110109,门头沟区,2,
110111,房山区,2,
110112,通州区,2,
110113,顺义区,2,
110114,昌平区,2,
110115,大兴区,2,
110116,怀柔区,2,
110117,平谷区,2,
110118,密云区,2,
110119,延庆区,2,
120000,天津市,0,
120101,和平区,2,
120102,河东区,2,
120103,河西区,2,
120104,南开区,2,
120105,河北区,2,
120106,红桥区,2,
120110,东丽区,2,
120111,西青区,2,
120112,津南区,2,
120113,北辰区,2,
120114,武清区,2,
120115,宝坻区,2,
120116,滨海新区,2,
120117,宁河区,2,
120118,静海区,2,
120119,蓟州区,2,
130000,河北省,0,
130100,石家庄市,1,
130102,长安区,2,
130104,桥西区,2,
130105,新华区,2,
130107,井陉矿区,2,
130108,裕华区,2,
130109,藁城区,2,
130110,鹿泉区,2,
130111,栾城区,2,
130121,井陉县,2,
130123,正定县,2,
130125,行唐县,2,
130126,灵寿县,2,
130127,高邑县,2,
130128,深泽县,2,
130129,赞皇县,2,
130130,无极县,2,
130131,平山县,2,
130132,元氏县,2,
130133,赵县,2,
130181,辛集市,2,
130183,晋州市,2,
130184,新乐市,2,
130200,唐山市,1,
130202,路南区,2,
130203,路北区,2,
130204,古冶区,2,
130205,开平区,2,
130207,丰南区,2,
130208,丰润区,2,
130209,曹妃甸区,2,
130224,滦南县,2,
130225,乐亭县,2,
130227,迁西县,2,
130229,玉田县,2,
130281,遵化市,2,
130283,迁安市,2,
130284,滦州市,2,
130300,秦皇岛市,1,
130302,海港区,2,
130303,山海关区,2,
130304,北戴河区,2,
130306,抚宁区,2,
130321,青龙满族自治县,2,
130322,昌黎县,2,
130324,卢龙县,2,
130400,邯郸市,1,
130402,邯山区,2,
130403,丛台区,2,
130404,复兴区,2,
130406,峰峰矿区,2,
130407,肥乡区,2,
130408,永年区,2,
130423,临漳县,2,
130424,成安县,2,
130425,大名县,2,
130426,涉县,2,
130427,磁县,2,
130430,邱县,2,
130431,鸡泽县,2,
130432,广平县,2,
130433,馆陶县,2,
130434,魏县,2,
130435,曲周县,2,
130481,武安市,2,
130500,邢台市,1,
130502,襄都区,2,
130503,信都区,2,
130505,任泽区,2,
130506,南和区,2,
130522,临城县,2,
130523,内丘县,2,
130524,柏乡县,2,
130525,隆尧县,2,
130528,宁晋县,2,
130529,巨鹿县,2,
130530,新河县,2,
130531,广宗县,2,
130532,平乡县,2,
130533,威县,2,
130534,清河县,2,
130535,临西县,2,
130581,南宫市,2,
130582,沙河市,2,
130600,保定市,1,
130602,竞秀区,2,
130606,莲池区,2,
130607,满城区,2,
130608,清苑区,2,
130609,徐水区,2,
130623,涞水县,2,
130624,阜平县,2,
130626,定兴县,2,
130627,唐县,2,
130628,高阳县,2,
130629,容城县,2,
130630,涞源县,2,
130631,望都县,2,
130632,安新县,2,
130633,易县,2,
130634,曲阳县,2,
130635,蠡县,2,
130636,顺平县,2,
130637,博野县,2,
130638,雄县,2,
130681,涿州市,2,
130682,定州市,2,
130683,安国市,2,
130684,高碑店市,2,
130700,张家口市,1,
130702,桥东区,2,
130703,桥西区,2,
130705,宣化区,2,
130706,下花园区,2,
130708,万全区,2,
130709,崇礼区,2,
130722,张北县,2,
130723,康保县,2,
130724,沽源县,2,
130725,尚义县,2,
130726,蔚县,2,
130727,阳原县,2,
130728,怀安县,2,
130730,怀来县,2,
130731,涿鹿县,2,
130732,赤城县,2,
130800,承德市,1,
130802,双桥区,2,
130803,双滦区,2,
130804,鹰手营子矿区,2,
130821,承德县,2,
130822,兴隆县,2,
130824,滦平县,2,
130825,隆化县,2,
130826,丰宁满族自治县,2,
130827,宽城满族自治县,2,
130828,围场满族蒙古族自治县,2,
130881,平泉市,2,
130900,沧州市,1,
130902,新华区,2,
130903,运河区,2,
130921,沧县,2,
130922,青县,2,
130923,东光县,2,
130924,海兴县,2,
130925,盐山县,2,
130926,肃宁县,2,
130927,南皮县,2,
130928,吴桥县,2,
130929,献县,2,
130930,孟村回族自治县,2,
130981,泊头市,2,
130982,任丘市,2,
130983,黄骅市,2,
130984,河间市,2,
131000,廊坊市,1,
131002,安次区,2,
131003,广阳区,2,
131022,固安县,2,
131023,永清县,2,
131024,香河县,2,
131025,大城县,2,
131026,文安县,2,
131028,大厂回族自治县,2,
131081,霸州市,2,
131082,三河市,2,
131100,衡水市,1,
131102,桃城区,2,
131103,冀州区,2,
131121,枣强县,2,
131122,武邑县,2,
131123,武强县,2,
131124,饶阳县,2,
131125,安平县,2,
131126,故城县,2,
131127,景县,2,
131128,阜城县,2,
131182,深州市,2,
140000,山西省,0,
140100,太原市,1,
140105,小店区,2,
140106,迎泽区,2,
140107,杏花岭区,2,
140108,尖草坪区,2,
140109,万柏林区,2,
140110,晋源区,2,
140121,清徐县,2,
140122,阳曲县,2,
140123,娄烦县,2,
140181,古交市,2,
140200,大同市,1,
140212,新荣区,2,
140213,平城区,2,
140214,云冈区,2,
140215,云州区,2,
140221,阳高县,2,
140222,天镇县,2,
140223,广灵县,2,
140224,灵丘县,2,
140225,浑源县,2,
140226,左云县,2,
140300,阳泉市,1,
140302,城区,2,
140303,矿区,2,
140311,郊区,2,
140321,平定县,2,
140322,盂县,2,
140400,长治市,1,
140403,潞州区,2,
140404,上党区,2,
140405,屯留区,2,
140406,潞城区,2,
140423,襄垣县,2,
140425,平顺县,2,
140426,黎城县,2,
140427,壶关县,2,
140428,长子县,2,
140429,武乡县,2,
140430,沁县,2,
140431,沁源县,2,
140500,晋城市,1,
140502,城区,2,
140521,沁水县,2,
140522,阳城县,2,
140524,陵川县,2,
140525,泽州县,2,
140581,高平市,2,
140600,朔州市,1,
140602,朔城区,2,
140603,平鲁区,2,
140621,山阴县,2,
140622,应县,2,
140623,右玉县,2,
140681,怀仁市,2,
140700,晋中市,1,
140702,榆次区,2,
140703,太谷区,2,
140721,榆社县,2,
140722,左权县,2,
140723,和顺县,2,
140724,昔阳县,2,
140725,寿阳县,2,
140727,祁县,2,
140728,平遥县,2,
140729,灵石县,2,
140781,介休市,2,
140800,运城市,1,
140802,盐湖区,2,
140821,临猗县,2,
140822,万荣县,2,
140823,闻喜县,2,
140824,稷山县,2,
140825,新绛县,2,
140826,绛县,2,
140827,垣曲县,2,
140828,夏县,2,
140829,平陆县,2,
140830,芮城县,2,
140881,永济市,2,
140882,河津市,2,
140900,忻州市,1,
140902,忻府区,2,
140921,定襄县,2,
140922,五台县,2,
140923,代县,2,
140924,繁峙县,2,
140925,宁武县,2,
140926,静乐县,2,
140927,神池县,2,
140928,五寨县,2,
140929,岢岚县,2,
140930,河曲县,2,
140931,保德县,2,
140932,偏关县,2,
140981,原平市,2,
141000,临汾市,1,
141002,尧都区,2,
141021,曲沃县,2,
141022,翼城县,2,
141023,襄汾县,2,
141024,洪洞县,2,
141025,古县,2,
141026,安泽县,2,
141027,浮山县,2,
141028,吉县,2,
141029,乡宁县,2,
141030,大宁县,2,
141031,隰县,2,
141032,永和县,2,
141033,蒲县,2,
141034,汾西县,2,
141081,侯马市,2,
141082,霍州市,2,
141100,吕梁市,1,
141102,离石区,2,
141121,文水县,2,
141122,交城县,2,
141123,兴县,2,
141124,临县,2,
141125,柳林县,2,
141126,石楼县,2,
141127,岚县,2,
141128,方山县,2,
141129,中阳县,2,
141130,交口县,2,
141181,孝义市,2,
141182,汾阳市,2,
150000,内蒙古自治区,0,
150100,呼和浩特市,1,
150102,新城区,2,
150103,回民区,2,
150104,玉泉区,2,
150105,赛罕区,2,
150121,土默特左旗,2,
150122,托克托县,2,
150123,和林格尔县,2,
150124,清水河县,2,
150125,武川县,2,
150200,包头市,1,
150202,东河区,2,
150203,昆都仑区,2,
150204,青山区,2,
150205,石拐区,2,
150206,白云鄂博矿区,2,
150207,九原区,2,
150221,土默特右旗,2,
150222,固阳县,2,
150223,达尔罕茂明安联合旗,2,
150300,乌海市,1,
150302,海勃湾区,2,
150303,海南区,2,
150304,乌达区,2,
150400,赤峰市,1,
150402,红山区,2,
150403,元宝山区,2,
150404,松山区,2,
150421,阿鲁科尔沁旗,2,
150422,巴林左旗,2,
150423,巴林右旗,2,
150424,林西县,2,
150425,克什克腾旗,2,
150426,翁牛特旗,2,
150428,喀喇沁旗,2,
150429,宁城县,2,
150430,敖汉旗,2,
150500,通辽市,1,
150502,科尔沁区,2,
150521,科尔沁左翼中旗,2,
150522,科尔沁左翼后旗,2,
150523,开鲁县,2,
150524,库伦旗,2,
150525,奈曼旗,2,
150526,扎鲁特旗,2,
150581,霍林郭勒市,2,
150600,鄂尔多斯市,1,
150602,东胜区,2,
150603,康巴什区,2,
150621,达拉特旗,2,
150622,准格尔旗,2,
150623,鄂托克前旗,2,
150624,鄂托克旗,2,
150625,杭锦旗,2,
150626,乌审旗,2,
150627,伊金霍洛旗,2,
150700,呼伦贝尔市,1,
150702,海拉尔区,2,
150703,扎赉诺尔区,2,
150721,阿荣旗,2,
150722,莫力达瓦达斡尔族自治旗,2,
150723,鄂伦春自治旗,2,
150724,鄂温克族自治旗,2,
150725,陈巴尔虎旗,2,
150726,新巴尔虎左旗,2,
150727,新巴尔虎右旗,2,
150781,满洲里市,2,
150782,牙克石市,2,
150783,扎兰屯市,2,
150784,额尔古纳市,2,
150785,根河市,2,
150800,巴彦淖尔市,1,
150802,临河区,2,
150821,五原县,2,
150822,磴口县,2,
150823,乌拉特前旗,2,
150824,乌拉特中旗,2,
150825,乌拉特后旗,2,
150826,杭锦后旗,2,
150900,乌兰察布市,1,
150902,集宁区,2,
150921,卓资县,2,
150922,化德县,2,
150923,商都县,2,
150924,兴和县,2,
150925,凉城县,2,
150926,察哈尔右翼前旗,2,
150927,察哈尔右翼中旗,2,
150928,察哈尔右翼后旗,2,
150929,四子王旗,2,
150981,丰镇市,2,
152200,兴安盟,1,
152201,乌兰浩特市,2,
152202,阿尔山市,2,
152221,科尔沁右翼前旗,2,
152222,科尔沁右翼中旗,2,
152223,扎赉特旗,2,
152224,突泉县,2,
152500,锡林郭勒盟,1,
152501,二连浩特市,2,
152502,锡林浩特市,2,
152522,阿巴嘎旗,2,
152523,苏尼特左旗,2,
152524,苏尼特右旗,2,
152525,东乌珠穆沁旗,2,
152526,西乌珠穆沁旗,2,
152527,太仆寺旗,2,
152528,镶黄旗,2,
152529,正镶白旗,2,
152530,正蓝旗,2,
152531,多伦县,2,
152900,阿拉善盟,1,
152921,阿拉善左旗,2,
152922,阿拉善右旗,2,
152923,额济纳旗,2,
210000,辽宁省,0,
210100,沈阳市,1,
210102,和平区,2,
210103,沈河区,2,
210104,大东区,2,
210105,皇姑区,2,
210106,铁西区,2,
210111,苏家屯区,2,
210112,浑南区,2,
210113,沈北新区,2,
210114,于洪区,2,
210115,辽中区,2,
210123,康平县,2,
210124,法库县,2,
210181,新民市,2,
210200,大连市,1,
210202,中山区,2,
210203,西岗区,2,
210204,沙河口区,2,
210211,甘井子区,2,
210212,旅顺口区,2,
210213,金州区,2,
210214,普兰店区,2,
210224,长海县,2,
210281,瓦房店市,2,
210283,庄河市,2,
210300,鞍山市,1,
210302,铁东区,2,
210303,铁西区,2,
210304,立山区,2,
210311,千山区,2,
210321,台安县,2,
210323,岫岩满族自治县,2,
210381,海城市,2,
210400,抚顺市,1,
210402,新抚区,2,
210403,东洲区,2,
210404,望花区,2,
210411,顺城区,2,
210421,抚顺县,2,
210422,新宾满族自治县,2,
210423,清原满族自治县,2,
210500,本溪市,1,
210502,平山区,2,
210503,溪湖区,2,
210504,明山区,2,
210505,南芬区,2,
210521,本溪满族自治县,2,
210522,桓仁满族自治县,2,
210600,丹东市,1,
210602,元宝区,2,
210603,振兴区,2,
210604,振安区,2,
210624,宽甸满族自治县,2,
210681,东港市,2,
210682,凤城市,2,
210700,锦州市,1,
210702,古塔区,2,
210703,凌河区,2,
210711,太和区,2,
210726,黑山县,2,
210727,义县,2,
210781,凌海市,2,
210782,北镇市,2,
210800,营口市,1,
210802,站前区,2,
210803,西市区,2,
210804,鲅鱼圈区,2,
210811,老边区,2,
210881,盖州市,2,
210882,大石桥市,2,
210900,阜新市,1,
210902,海州区,2,
210903,新邱区,2,
210904,太平区,2,
210905,清河门区,2,
210911,细河区,2,
210921,阜新蒙古族自治县,2,
210922,彰武县,2,
211000,辽阳市,1,
211002,白塔区,2,
211003,文圣区,2,
211004,宏伟区,2,
211005,弓长岭区,2,
211011,太子河区,2,
211021,辽阳县,2,
211081,灯塔市,2,
211100,盘锦市,1,
211102,双台子区,2,
211103,兴隆台区,2,
211104,大洼区,2,
211122,盘山县,2,
211200,铁岭市,1,
211202,银州区,2,
211204,清河区,2,
211221,铁岭县,2,
211223,西丰县,2,
211224,昌图县,2,
211281,调兵山市,2,
211282,开原市,2,
211300,朝阳市,1,
211302,双塔区,2,
211303,龙城区,2,
211321,朝阳县,2,
211322,建平县,2,
211324,喀喇沁左翼蒙古族自治县,2,
211381,北票市,2,
211382,凌源市,2,
211400,葫芦岛市,1,
211402,连山区,2,
211403,龙港区,2,
211404,南票区,2,
211421,绥中县,2,
211422,建昌县,2,
211481,兴城市,2,
220000,吉林省,0,
220100,长春市,1,
220102,南关区,2,
220103,宽城区,2,
220104,朝阳区,2,
220105,二道区,2,
220106,绿园区,2,
220112,双阳区,2,
220113,九台区,2,
220122,农安县,2,
220182,榆树市,2,
220183,德惠市,2,
220184,公主岭市,2,
220200,吉林市,1,
220202,昌邑区,2,
220203,龙潭区,2,
220204,船营区,2,
220211,丰满区,2,
220221,永吉县,2,
220281,蛟河市,2,
220282,桦甸市,2,
220283,舒兰市,2,
220284,磐石市,2,
220300,四平市,1,
220302,铁西区,2,
220303,铁东区,2,
220322,梨树县,2,
220323,伊通满族自治县,2,
220382,双辽市,2,
220400,辽源市,1,
220402,龙山区,2,
220403,西安区,2,
220421,东丰县,2,
220422,东辽县,2,
220500,通化市,1,
220502,东昌区,2,
220503,二道江区,2,
220521,通化县,2,
220523,辉南县,2,
220524,柳河县,2,
220581,梅河口市,2,
220582,集安市,2,
220600,白山市,1,
220602,浑江区,2,
220605,江源区,2,
220621,抚松县,2,
220622,靖宇县,2,
220623,长白朝鲜族自治县,2,
220681,临江市,2,
220700,松原市,1,
220702,宁江区,2,
220721,前郭尔罗斯蒙古族自治县,2,
220722,长岭县,2,
220723,乾安县,2,
220781,扶余市,2,
220800,白城市,1,
220802,洮北区,2,
220821,镇赉县,2,
220822,通榆县,2,
220881,洮南市,2,
220882,大安市,2,
222400,延边朝鲜族自治州,1,
222401,延吉市,2,
222402,图们市,2,
222403,敦化市,2,
222404,珲春市,2,
222405,龙井市,2,
222406,和龙市,2,
222424,汪清县,2,
222426,安图县,2,
230000,黑龙江省,0,
230100,哈尔滨市,1,
230102,道里区,2,
230103,南岗区,2,
230104,道外区,2,
230108,平房区,2,
230109,松北区,2,
230110,香坊区,2,
230111,呼兰区,2,
230112,阿城区,2,
230113,双城区,2,
230123,依兰县,2,
230124,方正县,2,
230125,宾县,2,
230126,巴彦县,2,
230127,木兰县,2,
230128,通河县,2,
230129,延寿县,2,
230183,尚志市,2,
230184,五常市,2,
230200,齐齐哈尔市,1,
230202,龙沙区,2,
230203,建华区,2,
230204,铁锋区,2,
230205,昂昂溪区,2,
230206,富拉尔基区,2,
230207,碾子山区,2,
230208,梅里斯达斡尔族区,2,
230221,龙江县,2,
230223,依安县,2,
230224,泰来县,2,
230225,甘南县,2,
230227,富裕县,2,
230229,克山县,2,
230230,克东县,2,
230231,拜泉县,2,
230281,讷河市,2,
230300,鸡西市,1,
230302,鸡冠区,2,
230303,恒山区,2,
230304,滴道区,2,
230305,梨树区,2,
230306,城子河区,2,
230307,麻山区,2,
230321,鸡东县,2,
230381,虎林市,2,
230382,密山市,2,
230400,鹤岗市,1,
230402,向阳区,2,
230403,工农区,2,
230404,南山区,2,
230405,兴安区,2,
230406,东山区,2,
230407,兴山区,2,
230421,萝北县,2,
230422,绥滨县,2,
230500,双鸭山市,1,
230502,尖山区,2,
230503,岭东区,2,
230505,四方台区,2,
230506,宝山区,2,
230521,集贤县,2,
230522,友谊县,2,
230523,宝清县,2,
230524,饶河县,2,
230600,大庆市,1,
230602,萨尔图区,2,
230603,龙凤区,2,
230604,让胡路区,2,
230605,红岗区,2,
230606,大同区,2,
230621,肇州县,2,
230622,肇源县,2,
230623,林甸县,2,
230624,杜尔伯特蒙古族自治县,2,
230700,伊春市,1,
230717,伊美区,2,
230718,乌翠区,2,
230719,友好区,2,
230722,嘉荫县,2,
230723,汤旺县,2,
230724,丰林县,2,
230725,大箐山县,2,
230726,南岔县,2,
230751,金林区,2,
230781,铁力市,2,
230800,佳木斯市,1,
230803,向阳区,2,
230804,前进区,2,
230805,东风区,2,
230811,郊区,2,
230822,桦南县,2,
230826,桦川县,2,
230828,汤原县,2,
230881,同江市,2,
230882,富锦市,2,
230883,抚远市,2,
230900,七台河市,1,
230902,新兴区,2,
230903,桃山区,2,
230904,茄子河区,2,
230921,勃利县,2,
231000,牡丹江市,1,
231002,东安区,2,
231003,阳明区,2,
231004,爱民区,2,
231005,西安区,2,
231025,林口县,2,
231081,绥芬河市,2,
231083,海林市,2,
231084,宁安市,2,
231085,穆棱市,2,
231086,东宁市,2,
231100,黑河市,1,
231102,爱辉区,2,
231123,逊克县,2,
231124,孙吴县,2,
231181,北安市,2,
231182,五大连池市,2,
231183,嫩江市,2,
231200,绥化市,1,
231202,北林区,2,
231221,望奎县,2,
231222,兰西县,2,
231223,青冈县,2,
231224,庆安县,2,
231225,明水县,2,
231226,绥棱县,2,
231281,安达市,2,
231282,肇东市,2,
231283,海伦市,2,
232700,大兴安岭地区,1,
232701,漠河市,2,
232721,呼玛县,2,
232722,塔河县,2,
310000,上海市,0,
310101,黄浦区,2,
310104,徐汇区,2,
310105,长宁区,2,
310106,静安区,2,
310107,普陀区,2,
310109,虹口区,2,
310110,杨浦区,2,
310112,闵行区,2,
310113,宝山区,2,
310114,嘉定区,2,
310115,浦东新区,2,
310116,金山区,2,
310117,松江区,2,
310118,青浦区,2,
310120,奉贤区,2,
310151,崇明区,2,
320000,江苏省,0,
320100,南京市,1,
320102,玄武区,2,
320104,秦淮区,2,
320105,建邺区,2,
320106,鼓楼区,2,
320111,浦口区,2,
320113,栖霞区,2,
320114,雨花台区,2,
320115,江宁区,2,
320116,六合区,2,
320117,溧水区,2,
320118,高淳区,2,
320200,无锡市,1,
320205,锡山区,2,
320206,惠山区,2,
320211,滨湖区,2,
320213,梁溪区,2,
320214,新吴区,2,
320281,江阴市,2,
320282,宜兴市,2,
320300,徐州市,1,
320302,鼓楼区,2,
320303,云龙区,2,
320305,贾汪区,2,
320311,泉山区,2,
320312,铜山区,2,
320321,丰县,2,
320322,沛县,2,
320324,睢宁县,2,
320381,新沂市,2,
320382,邳州市,2,
320400,常州市,1,
320402,天宁区,2,
320404,钟楼区,2,
320411,新北区,2,
320412,武进区,2,
320413,金坛区,2,
320481,溧阳市,2,
320500,苏州市,1,
320505,虎丘区,2,
320506,吴中区,2,
320507,相城区,2,
320508,姑苏区,2,
320509,吴江区,2,
320581,常熟市,2,
320582,张家港市,2,
320583,昆山市,2,
320585,太仓市,2,
320600,南通市,1,
320612,通州区,2,
320613,崇川区,2,
320614,海门区,2,
320623,如东县,2,
320681,启东市,2,
320682,如皋市,2,
320685,海安市,2,
320700,连云港市,1,
320703,连云区,2,
320706,海州区,2,
320707,赣榆区,2,
320722,东海县,2,
320723,灌云县,2,
320724,灌南县,2,
320800,淮安市,1,
320803,淮安区,2,
320804,淮阴区,2,
320812,清江浦区,2,
320813,洪泽区,2,
320826,涟水县,2,
320830,盱眙县,2,
320831,金湖县,2,
320900,盐城市,1,
320902,亭湖区,2,
320903,盐都区,2,
320904,大丰区,2,
320921,响水县,2,
320922,滨海县,2,
320923,阜宁县,2,
320924,射阳县,2,
320925,建湖县,2,
320981,东台市,2,
321000,扬州市,1,
321002,广陵区,2,
321003,邗江区,2,
321012,江都区,2,
321023,宝应县,2,
321081,仪征市,2,
321084,高邮市,2,
321100,镇江市,1,
321102,京口区,2,
321111,润州区,2,
321112,丹徒区,2,
321181,丹阳市,2,
321182,扬中市,2,
321183,句容市,2,
321200,泰州市,1,
321202,海陵区,2,
321203,高港区,2,
321204,姜堰区,2,
321281,兴化市,2,
321282,靖江市,2,
321283,泰兴市,2,
321300,宿迁市,1,
321302,宿城区,2,
321311,宿豫区,2,
321322,沭阳县,2,
321323,泗阳县,2,
321324,泗洪县,2,
330000,浙江省,0,
330100,杭州市,1,
330102,上城区,2,
330103,下城区,2,
330104,江干区,2,
330105,拱墅区,2,
330106,西湖区,2,
330108,滨江区,2,
330109,萧山区,2,
330110,余杭区,2,
330111,富阳区,2,
330112,临安区,2,
330122,桐庐县,2,
330127,淳安县,2,
330182,建德市,2,
330200,宁波市,1,
330203,海曙区,2,
330205,江北区,2,
330206,北仑区,2,
330211,镇海区,2,
330212,鄞州区,2,
330213,奉化区,2,
330225,象山县,2,
330226,宁海县,2,
330281,余姚市,2,
330282,慈溪市,2,
330300,温州市,1,
330302,鹿城区,2,
330303,龙湾区,2,
330304,瓯海区,2,
330305,洞头区,2,
330324,永嘉县,2,
330326,平阳县,2,
330327,苍南县,2,
330328,文成县,2,
330329,泰顺县,2,
330381,瑞安市,2,
330382,乐清市,2,
330383,龙港市,2,
330400,嘉兴市,1,
330402,南湖区,2,
330411,秀洲区,2,
330421,嘉善县,2,
330424,海盐县,2,
330481,海宁市,2,
330482,平湖市,2,
330483,桐乡市,2,
330500,湖州市,1,
330502,吴兴区,2,
330503,南浔区,2,
330521,德清县,2,
330522,长兴县,2,
330523,安吉县,2,
330600,绍兴市,1,
330602,越城区,2,
330603,柯桥区,2,
330604,上虞区,2,
330624,新昌县,2,
330681,诸暨市,2,
330683,嵊州市,2,
330700,金华市,1,
330702,婺城区,2,
330703,金东区,2,
330723,武义县,2,
330726,浦江县,2,
330727,磐安县,2,
330781,兰溪市,2,
330782,义乌市,2,
330783,东阳市,2,
330784,永康市,2,
330800,衢州市,1,
330802,柯城区,2,
330803,衢江区,2,
330822,常山县,2,
330824,开化县,2,
330825,龙游县,2,
330881,江山市,2,
330900,舟山市,1,
330902,定海区,2,
330903,普陀区,2,
330921,岱山县,2,
330922,嵊泗县,2,
331000,台州市,1,
331002,椒江区,2,
331003,黄岩区,2,
331004,路桥区,2,
331022,三门县,2,
331023,天台县,2,
331024,仙居县,2,
331081,温岭市,2,
331082,临海市,2,
331083,玉环市,2,
331100,丽水市,1,
331102,莲都区,2,
331121,青田县,2,
331122,缙云县,2,
331123,遂昌县,2,
331124,松阳县,2,
331125,云和县,2,
331126,庆元县,2,
331127,景宁畲族自治县,2,
331181,龙泉市,2,
340000,安徽省,0,
340100,合肥市,1,
340102,瑶海区,2,
340103,庐阳区,2,
340104,蜀山区,2,
340111,包河区,2,
340121,长丰县,2,
340122,肥东县,2,
340123,肥西县,2,
340124,庐江县,2,
340181,巢湖市,2,
340200,芜湖市,1,
340202,镜湖区,2,
340207,鸠江区,2,
340209,弋江区,3,
340210,湾b区,3,
340212,繁昌区,2,
340223,南陵县,2,
340281,无为市,2,
340300,蚌埠市,1,
340302,龙子湖区,2,
340303,蚌山区,2,
340304,禹会区,2,
340311,淮上区,2,
340321,怀远县,2,
340322,五河县,2,
340323,固镇县,2,
340400,淮南市,1,
340402,大通区,2,
340403,田家庵区,2,
340404,谢家集区,2,
340405,八公山区,2,
340406,潘集区,2,
340421,凤台县,2,
340422,寿县,2,
340500,马鞍山市,1,
340503,花山区,2,
340504,雨山区,2,
340506,博望区,2,
340521,当涂县,2,
340522,含山县,2,
340523,和县,2,
340600,淮北市,1,
340602,杜集区,2,
340603,相山区,2,
340604,烈山区,2,
340621,濉溪县,2,
340700,铜陵市,1,
340705,铜官区,2,
340706,义安区,2,
340711,郊区,2,
340722,枞阳县,2,
340800,安庆市,1,
340802,迎江区,2,
340803,大观区,2,
340811,宜秀区,2,
340822,怀宁县,2,
340825,太湖县,2,
340826,宿松县,2,
340827,望江县,2,
340828,岳西县,2,
340881,桐城市,2,
340882,潜山市,2,
341000,黄山市,1,
341002,屯溪区,2,
341003,黄山区,2,
341004,徽州区,2,
341021,歙县,2,
341022,休宁县,2,
341023,黟县,2,
341024,祁门县,2,
341100,滁州市,1,
341102,琅琊区,2,
341103,南谯区,2,
341122,来安县,2,
341124,全椒县,2,
341125,定远县,2,
341126,凤阳县,2,
341181,天长市,2,
341182,明光市,2,
341200,阜阳市,1,
341202,颍州区,2,
341203,颍东区,2,
341204,颍泉区,2,
341221,临泉县,2,
341222,太和县,2,
341225,阜南县,2,
341226,颍上县,2,
341282,界首市,2,
341300,宿州市,1,
341302,桥区,2,
341321,砀山县,2,
341322,萧县,2,
341323,灵璧县,2,
341324,泗县,2,
341500,六安市,1,
341502,金安区,2,
341503,裕安区,2,
341504,叶集区,2,
341522,霍邱县,2,
341523,舒城县,2,
341524,金寨县,2,
341525,霍山县,2,
341600,亳州市,1,
341602,谯城区,2,
341621,涡阳县,2,
341622,蒙城县,2,
341623,利辛县,2,
341700,池州市,1,
341702,贵池区,2,
341721,东至县,2,
341722,石台县,2,
341723,青阳县,2,
341800,宣城市,1,
341802,宣州区,2,
341821,郎溪县,2,
341823,泾县,2,
341824,绩溪县,2,
341825,旌德县,2,
341881,宁国市,2,
341882,广德市,2,
350000,福建省,0,
350100,福州市,1,
350102,鼓楼区,2,
350103,台江区,2,
350104,仓山区,2,
350105,马尾区,2,
350111,晋安区,2,
350112,长乐区,2,
350121,闽侯县,2,
350122,连江县,2,
350123,罗源县,2,
350124,闽清县,2,
350125,永泰县,2,
350128,平潭县,2,
350181,福清市,2,
350200,厦门市,1,
350203,思明区,2,
350205,海沧区,2,
350206,湖里区,2,
350211,集美区,2,
350212,同安区,2,
350213,翔安区,2,
350300,莆田市,1,
350302,城厢区,2,
350303,涵江区,2,
350304,荔城区,2,
350305,秀屿区,2,
350322,仙游县,2,
350400,三明市,1,
350402,梅列区,2,
350403,三元区,2,
350421,明溪县,2,
350423,清流县,2,
350424,宁化县,2,
350425,大田县,2,
350426,尤溪县,2,
350427,沙县,2,
350428,将乐县,2,
350429,泰宁县,2,
350430,建宁县,2,
350481,永安市,2,
350500,泉州市,1,
350502,鲤城区,2,
350503,丰泽区,2,
350504,洛江区,2,
350505,泉港区,2,
350521,惠安县,2,
350524,安溪县,2,
350525,永春县,2,
350526,德化县,2,
350527,金门县,2,
350581,石狮市,2,
350582,晋江市,2,
350583,南安市,2,
350600,漳州市,1,
350602,芗城区,2,
350603,龙文区,2,
350622,云霄县,2,
350623,漳浦县,2,
350624,诏安县,2,
350625,长泰县,2,
350626,东山县,2,
350627,南靖县,2,
350628,平和县,2,
350629,华安县,2,
350681,龙海市,2,
350700,南平市,1,
350702,延平区,2,
350703,建阳区,2,
350721,顺昌县,2,
350722,浦城县,2,
350723,光泽县,2,
350724,松溪县,2,
350725,政和县,2,
350781,邵武市,2,
350782,武夷山市,2,
350783,建瓯市,2,
350800,龙岩市,1,
350802,新罗区,2,
350803,永定区,2,
350821,长汀县,2,
350823,上杭县,2,
350824,武平县,2,
350825,连城县,2,
350881,漳平市,2,
350900,宁德市,1,
350902,蕉城区,2,
350921,霞浦县,2,
350922,古田县,2,
350923,屏南县,2,
350924,寿宁县,2,
350925,周宁县,2,
350926,柘荣县,2,
350981,福安市,2,
350982,福鼎市,2,
360000,江西省,0,
360100,南昌市,1,
360102,东湖区,2,
360103,西湖区,2,
360104,青云谱区,2,
360111,青山湖区,2,
360112,新建区,2,
360113,红谷滩区,2,
360121,南昌县,2,
360123,安义县,2,
360124,进贤县,2,
360200,景德镇市,1,
360202,昌江区,2,
360203,珠山区,2,
360222,浮梁县,2,
360281,乐平市,2,
360300,萍乡市,1,
360302,安源区,2,
360313,湘东区,2,
360321,莲花县,2,
360322,上栗县,2,
360323,芦溪县,2,
360400,九江市,1,
360402,濂溪区,2,
360403,浔阳区,2,
360404,柴桑区,2,
360423,武宁县,2,
360424,修水县,2,
360425,永修县,2,
360426,德安县,2,
360428,都昌县,2,
360429,湖口县,2,
360430,彭泽县,2,
360481,瑞昌市,2,
360482,共青城市,2,
360483,庐山市,2,
360500,新余市,1,
360502,渝水区,2,
360521,分宜县,2,
360600,鹰潭市,1,
360602,月湖区,2,
360603,余江区,2,
360681,贵溪市,2,
360700,赣州市,1,
360702,章贡区,2,
360703,南康区,2,
360704,赣县区,2,
360722,信丰县,2,
360723,大余县,2,
360724,上犹县,2,
360725,崇义县,2,
360726,安远县,2,
360728,定南县,2,
360729,全南县,2,
360730,宁都县,2,
360731,于都县,2,
360732,兴国县,2,
360733,会昌县,2,
360734,寻乌县,2,
360735,石城县,2,
360781,瑞金市,2,
360783,龙南市,2,
360800,吉安市,1,
360802,吉州区,2,
360803,青原区,2,
360821,吉安县,2,
360822,吉水县,2,
360823,峡江县,2,
360824,新干县,2,
360825,永丰县,2,
360826,泰和县,2,
360827,遂川县,2,
360828,万安县,2,
360829,安福县,2,
360830,永新县,2,
360881,井冈山市,2,
360900,宜春市,1,
360902,袁州区,2,
360921,奉新县,2,
360922,万载县,2,
360923,上高县,2,
360924,宜丰县,2,
360925,靖安县,2,
360926,铜鼓县,2,
360981,丰城市,2,
360982,樟树市,2,
360983,高安市,2,
361000,抚州市,1,
361002,临川区,2,
361003,东乡区,2,
361021,南城县,2,
361022,黎川县,2,
361023,南丰县,2,
361024,崇仁县,2,
361025,乐安县,2,
361026,宜黄县,2,
361027,金溪县,2,
361028,资溪县,2,
361030,广昌县,2,
361100,上饶市,1,
361102,信州区,2,
361103,广丰区,2,
361104,广信区,2,
361123,玉山县,2,
361124,铅山县,2,
361125,横峰县,2,
361126,弋阳县,2,
361127,余干县,2,
361128,鄱阳县,2,
361129,万年县,2,
361130,婺源县,2,
361181,德兴市,2,
370000,山东省,0,
370100,济南市,1,
370102,历下区,2,
370103,市中区,2,
370104,槐荫区,2,
370105,天桥区,2,
370112,历城区,2,
370113,长清区,2,
370114,章丘区,2,
370115,济阳区,2,
370116,莱芜区,2,
370117,钢城区,2,
370124,平阴县,2,
370126,商河县,2,
370200,青岛市,1,
370202,市南区,2,
370203,市北区,2,
370211,黄岛区,2,
370212,崂山区,2,
370213,李沧区,2,
370214,城阳区,2,
370215,即墨区,2,
370281,胶州市,2,
370283,平度市,2,
370285,莱西市,2,
370300,淄博市,1,
370302,淄川区,2,
370303,张店区,2,
370304,博山区,2,
370305,临淄区,2,
370306,周村区,2,
370321,桓台县,2,
370322,高青县,2,
370323,沂源县,2,
370400,枣庄市,1,
370402,市中区,2,
370403,薛城区,2,
370404,峄城区,2,
370405,台儿庄区,2,
370406,山亭区,2,
370481,滕州市,2,
370500,东营市,1,
370502,东营区,2,
370503,河口区,2,
370505,垦利区,2,
370522,利津县,2,
370523,广饶县,2,
370600,烟台市,1,
370602,芝罘区,2,
370611,福山区,2,
370612,牟平区,2,
370613,莱山区,2,
370614,蓬莱区,2,
370681,龙口市,2,
370682,莱阳市,2,
370683,莱州市,2,
370685,招远市,2,
370686,栖霞市,2,
370687,海阳市,2,
370700,潍坊市,1,
370702,潍城区,2,
370703,寒亭区,2,
370704,坊子区,2,
370705,奎文区,2,
370724,临朐县,2,
370725,昌乐县,2,
370781,青州市,2,
370782,诸城市,2,
370783,寿光市,2,
370784,安丘市,2,
370785,高密市,2,
370786,昌邑市,2,
370800,济宁市,1,
370811,任城区,2,
370812,兖州区,2,
370826,微山县,2,
370827,鱼台县,2,
370828,金乡县,2,
370829,嘉祥县,2,
370830,汶上县,2,
370831,泗水县,2,
370832,梁山县,2,
370881,曲阜市,2,
370883,邹城市,2,
370900,泰安市,1,
370902,泰山区,2,
370911,岱岳区,2,
370921,宁阳县,2,
370923,东平县,2,
370982,新泰市,2,
370983,肥城市,2,
371000,威海市,1,
371002,环翠区,2,
371003,文登区,2,
371082,荣成市,2,
371083,乳山市,2,
371100,日照市,1,
371102,东港区,2,
371103,岚山区,2,
371121,五莲县,2,
371122,莒县,2,
371300,临沂市,1,
371302,兰山区,2,
371311,罗庄区,2,
371312,河东区,2,
371321,沂南县,2,
371322,郯城县,2,
371323,沂水县,2,
371324,兰陵县,2,
371325,费县,2,
371326,平邑县,2,
371327,莒南县,2,
371328,蒙阴县,2,
371329,临沭县,2,
371400,德州市,1,
371402,德城区,2,
371403,陵城区,2,
371422,宁津县,2,
371423,庆云县,2,
371424,临邑县,2,
371425,齐河县,2,
371426,平原县,2,
371427,夏津县,2,
371428,武城县,2,
371481,乐陵市,2,
371482,禹城市,2,
371500,聊城市,1,
371502,东昌府区,2,
371503,茌平区,2,
371521,阳谷县,2,
371522,莘县,2,
371524,东阿县,2,
371525,冠县,2,
371526,高唐县,2,
371581,临清市,2,
371600,滨州市,1,
371602,滨城区,2,
371603,沾化区,2,
371621,惠民县,2,
371622,阳信县,2,
371623,无棣县,2,
371625,博兴县,2,
371681,邹平市,2,
371700,菏泽市,1,
371702,牡丹区,2,
371703,定陶区,2,
371721,曹县,2,
371722,单县,2,
371723,成武县,2,
371724,巨野县,2,
371725,郓城县,2,
371726,鄄城县,2,
371728,东明县,2,
410000,河南省,0,
410100,郑州市,1,
410102,中原区,2,
410103,二七区,2,
410104,管城回族区,2,
410105,金水区,2,
410106,上街区,2,
410108,惠济区,2,
410122,中牟县,2,
410181,巩义市,2,
410182,荥阳市,2,
410183,新密市,2,
410184,新郑市,2,
410185,登封市,2,
410200,开封市,1,
410202,龙亭区,2,
410203,顺河回族区,2,
410204,鼓楼区,2,
410205,禹王台区,2,
410212,祥符区,2,
410221,杞县,2,
410222,通许县,2,
410223,尉氏县,2,
410225,兰考县,2,
410300,洛阳市,1,
410302,老城区,2,
410303,西工区,2,
410304,e河回族区,2,
410305,涧西区,2,
410306,吉利区,2,
410311,洛龙区,2,
410322,孟津县,2,
410323,新安县,2,
410324,栾川县,2,
410325,嵩县,2,
410326,汝阳县,2,
410327,宜阳县,2,
410328,洛宁县,2,
410329,伊川县,2,
410381,偃师市,2,
410400,平顶山市,1,
410402,新华区,2,
410403,卫东区,2,
410404,石龙区,2,
410411,湛河区,2,
410421,宝丰县,2,
410422,叶县,2,
410423,鲁山县,2,
410425,郏县,2,
410481,舞钢市,2,
410482,汝州市,2,
410500,安阳市,1,
410502,文峰区,2,
410503,北关区,2,
410505,殷都区,2,
410506,龙安区,2,
410522,安阳县,2,
410523,汤阴县,2,
410526,滑县,2,
410527,内黄县,2,
410581,林州市,2,
410600,鹤壁市,1,
410602,鹤山区,2,
410603,山城区,2,
410611,淇滨区,2,
410621,浚县,2,
410622,淇县,2,
410700,新乡市,1,
410702,红旗区,2,
410703,卫滨区,2,
410704,凤泉区,2,
410711,牧野区,2,
410721,新乡县,2,
410724,获嘉县,2,
410725,原阳县,2,
410726,延津县,2,
410727,封丘县,2,
410781,卫辉市,2,
410782,辉县市,2,
410783,长垣市,2,
410800,焦作市,1,
410802,解放区,2,
410803,中站区,2,
410804,马村区,2,
410811,山阳区,2,
410821,修武县,2,
410822,博爱县,2,
410823,武陟县,2,
410825,温县,2,
410882,沁阳市,2,
410883,孟州市,2,
410900,濮阳市,1,
410902,华龙区,2,
410922,清丰县,2,
410923,南乐县,2,
410926,范县,2,
410927,台前县,2,
410928,濮阳县,2,
411000,许昌市,1,
411002,魏都区,2,
411003,建安区,2,
411024,鄢陵县,2,
411025,襄城县,2,
411081,禹州市,2,
411082,长葛市,2,
411100,漯河市,1,
411102,源汇区,2,
411103,郾城区,2,
411104,召陵区,2,
411121,舞阳县,2,
411122,临颍县,2,
411200,三门峡市,1,
411202,湖滨区,2,
411203,陕州区,2,
411221,渑池县,2,
411224,卢氏县,2,
411281,义马市,2,
411282,灵宝市,2,
411300,南阳市,1,
411302,宛城区,2,
411303,卧龙区,2,
411321,南召县,2,
411322,方城县,2,
411323,西峡县,2,
411324,镇平县,2,
411325,内乡县,2,
411326,淅川县,2,
411327,社旗县,2,
411328,唐河县,2,
411329,新野县,2,
411330,桐柏县,2,
411381,邓州市,2,
411400,商丘市,1,
411402,梁园区,2,
411403,睢阳区,2,
411421,民权县,2,
411422,睢县,2,
411423,宁陵县,2,
411424,柘城县,2,
411425,虞城县,2,
411426,夏邑县,2,
411481,永城市,2,
411500,信阳市,1,
411502,负忧,2,
411503,平桥区,2,
411521,罗山县,2,
411522,光山县,2,
411523,新县,2,
411524,商城县,2,
411525,固始县,2,
411526,潢川县,2,
411527,淮滨县,2,
411528,息县,2,
411600,周口市,1,
411602,川汇区,2,
411603,淮阳区,2,
411621,扶沟县,2,
411622,西华县,2,
411623,商水县,2,
411624,沈丘县,2,
411625,郸城县,2,
411627,太康县,2,
411628,鹿邑县,2,
411681,项城市,2,
411700,驻马店市,1,
411702,驿城区,2,
411721,西平县,2,
411722,上蔡县,2,
411723,平舆县,2,
411724,正阳县,2,
411725,确山县,2,
411726,泌阳县,2,
411727,汝南县,2,
411728,遂平县,2,
411729,新蔡县,2,
419001,济源市,2,
420000,湖北省,0,
420100,武汉市,1,
420102,江岸区,2,
420103,江汉区,2,
420104,~口区,2,
420105,汉阳区,2,
420106,武昌区,2,
420107,青山区,2,
420111,洪山区,2,
420112,东西湖区,2,
420113,汉南区,2,
420114,蔡甸区,2,
420115,江夏区,2,
420116,黄陂区,2,
420117,新洲区,2,
420200,黄石市,1,
420202,黄石港区,2,
420203,西塞山区,2,
420204,下陆区,2,
420205,铁山区,2,
420222,阳新县,2,
420281,大冶市,2,
420300,十堰市,1,
420302,茅箭区,2,
420303,张湾区,2,
420304,郧阳区,2,
420322,郧西县,2,
420323,竹山县,2,
420324,竹溪县,2,
420325,房县,2,
420381,丹江口市,2,
420500,宜昌市,1,
420502,西陵区,2,
420503,伍家岗区,2,
420504,点军区,2,
420505,V亭区,2,
420506,夷陵区,2,
420525,远安县,2,
420526,兴山县,2,
420527,秭归县,2,
420528,长阳土家族自治县,2,
420529,五峰土家族自治县,2,
420581,宜都市,2,
420582,当阳市,2,
420583,枝江市,2,
420600,襄阳市,1,
420602,襄城区,2,
420606,樊城区,2,
420607,襄州区,2,
420624,南漳县,2,
420625,谷城县,2,
420626,保康县,2,
420682,老河口市,2,
420683,枣阳市,2,
420684,宜城市,2,
420700,鄂州市,1,
420702,梁子湖区,2,
420703,华容区,2,
420704,鄂城区,2,
420800,荆门市,1,
420802,东宝区,2,
420804,掇刀区,2,
420822,沙洋县,2,
420881,钟祥市,2,
420882,京山市,2,
420900,孝感市,1,
420902,孝南区,2,
420921,孝昌县,2,
420922,大悟县,2,
420923,云梦县,2,
420981,应城市,2,
420982,安陆市,2,
420984,汉川市,2,
421000,荆州市,1,
421002,沙市区,2,
421003,荆州区,2,
421022,公安县,2,
421024,江陵县,2,
421081,石首市,2,
421083,洪湖市,2,
421087,松滋市,2,
421088,监利市,2,
421100,黄冈市,1,
421102,黄州区,2,
421121,团风县,2,
421122,红安县,2,
421123,罗田县,2,
421124,英山县,2,
421125,浠水县,2,
421126,蕲春县,2,
421127,黄梅县,2,
421181,麻城市,2,
421182,武穴市,2,
421200,咸宁市,1,
421202,咸安区,2,
421221,嘉鱼县,2,
421222,通城县,2,
421223,崇阳县,2,
421224,通山县,2,
421281,赤壁市,2,
421300,随州市,1,
421303,曾都区,2,
421321,随县,2,
421381,广水市,2,
422800,恩施土家族苗族自治州,1,
422801,恩施市,2,
422802,利川市,2,
422822,建始县,2,
422823,巴东县,2,
422825,宣恩县,2,
422826,咸丰县,2,
422827,来凤县,2,
422828,鹤峰县,2,
429004,仙桃市,2,
429005,潜江市,2,
429006,天门市,2,
429021,神农架林区,2,
430000,湖南省,0,
430100,长沙市,1,
430102,芙蓉区,2,
430103,天心区,2,
430104,岳麓区,2,
430105,开福区,2,
430111,雨花区,2,
430112,望城区,2,
430121,长沙县,2,
430181,浏阳市,2,
430182,宁乡市,2,
430200,株洲市,1,
430202,荷塘区,2,
430203,芦淞区,2,
430204,石峰区,2,
430211,天元区,2,
430212,渌口区,2,
430223,攸县,2,
430224,茶陵县,2,
430225,炎陵县,2,
430281,醴陵市,2,
430300,湘潭市,1,
430302,雨湖区,2,
430304,岳塘区,2,
430321,湘潭县,2,
430381,湘乡市,2,
430382,韶山市,2,
430400,衡阳市,1,
430405,珠晖区,2,
430406,雁峰区,2,
430407,石鼓区,2,
430408,蒸湘区,2,
430412,南岳区,2,
430421,衡阳县,2,
430422,衡南县,2,
430423,衡山县,2,
430424,衡东县,2,
430426,祁东县,2,
430481,耒阳市,2,
430482,常宁市,2,
430500,邵阳市,1,
430502,双清区,2,
430503,大祥区,2,
430511,北塔区,2,
430522,新邵县,2,
430523,邵阳县,2,
430524,隆回县,2,
430525,洞口县,2,
430527,绥宁县,2,
430528,新宁县,2,
430529,城步苗族自治县,2,
430581,武冈市,2,
430582,邵东市,2,
430600,岳阳市,1,
430602,岳阳楼区,2,
430603,云溪区,2,
430611,君山区,2,
430621,岳阳县,2,
430623,华容县,2,
430624,湘阴县,2,
430626,平江县,2,
430681,汨罗市,2,
430682,临湘市,2,
430700,常德市,1,
430702,武陵区,2,
430703,鼎城区,2,
430721,安乡县,2,
430722,汉寿县,2,
430723,澧县,2,
430724,临澧县,2,
430725,桃源县,2,
430726,石门县,2,
430781,津市市,2,
430800,张家界市,1,
430802,永定区,2,
430811,武陵源区,2,
430821,慈利县,2,
430822,桑植县,2,
430900,益阳市,1,
430902,资阳区,2,
430903,赫山区,2,
430921,南县,2,
430922,桃江县,2,
430923,安化县,2,
430981,沅江市,2,
431000,郴州市,1,
431002,北湖区,2,
431003,苏仙区,2,
431021,桂阳县,2,
431022,宜章县,2,
431023,永兴县,2,
431024,嘉禾县,2,
431025,临武县,2,
431026,汝城县,2,
431027,桂东县,2,
431028,安仁县,2,
431081,资兴市,2,
431100,永州市,1,
431102,零陵区,2,
431103,冷水滩区,2,
431121,祁阳县,2,
431122,东安县,2,
431123,双牌县,2,
431124,道县,2,
431125,江永县,2,
431126,宁远县,2,
431127,蓝山县,2,
431128,新田县,2,
431129,江华瑶族自治县,2,
431200,怀化市,1,
431202,鹤城区,2,
431221,中方县,2,
431222,沅陵县,2,
431223,辰溪县,2,
431224,溆浦县,2,
431225,会同县,2,
431226,麻阳苗族自治县,2,
431227,新晃侗族自治县,2,
431228,芷江侗族自治县,2,
431229,靖州苗族侗族自治县,2,
431230,通道侗族自治县,2,
431281,洪江市,2,
431300,娄底市,1,
431302,娄星区,2,
431321,双峰县,2,
431322,新化县,2,
431381,冷水江市,2,
431382,涟源市,2,
433100,湘西土家族苗族自治州,1,
433101,吉首市,2,
433122,泸溪县,2,
433123,凤凰县,2,
433124,花垣县,2,
433125,保靖县,2,
433126,古丈县,2,
433127,永顺县,2,
433130,龙山县,2,
440000,广东省,0,
440100,广州市,1,
440103,荔湾区,2,
440104,越秀区,2,
440105,海珠区,2,
440106,天河区,2,
440111,白云区,2,
440112,黄埔区,2,
440113,番禺区,2,
440114,花都区,2,
440115,南沙区,2,
440117,从化区,2,
440118,增城区,2,
440200,韶关市,1,
440203,武江区,2,
440204,浈江区,2,
440205,曲江区,2,
440222,始兴县,2,
440224,仁化县,2,
440229,翁源县,2,
440232,乳源瑶族自治县,2,
440233,新丰县,2,
440281,乐昌市,2,
440282,南雄市,2,
440300,深圳市,1,
440303,罗湖区,2,
440304,福田区,2,
440305,南山区,2,
440306,宝安区,2,
440307,龙岗区,2,
440308,盐田区,2,
440309,龙华区,2,
440310,坪山区,2,
440311,光明区,2,
440400,珠海市,1,
440402,香洲区,2,
440403,斗门区,2,
440404,金湾区,2,
440500,汕头市,1,
440507,龙湖区,2,
440511,金平区,2,
440512,濠江区,2,
440513,潮阳区,2,
440514,潮南区,2,
440515,澄海区,2,
440523,南澳县,2,
440600,佛山市,1,
440604,禅城区,2,
440605,南海区,2,
440606,顺德区,2,
440607,三水区,2,
440608,高明区,2,
440700,江门市,1,
440703,蓬江区,2,
440704,江海区,2,
440705,新会区,2,
440781,台山市,2,
440783,开平市,2,
440784,鹤山市,2,
440785,恩平市,2,
440800,湛江市,1,
440802,赤坎区,2,
440803,霞山区,2,
440804,坡头区,2,
440811,麻章区,2,
440823,遂溪县,2,
440825,徐闻县,2,
440881,廉江市,2,
440882,雷州市,2,
440883,吴川市,2,
440900,茂名市,1,
440902,茂南区,2,
440904,电白区,2,
440981,高州市,2,
440982,化州市,2,
440983,信宜市,2,
441200,肇庆市,1,
441202,端州区,2,
441203,鼎湖区,2,
441204,高要区,2,
441223,广宁县,2,
441224,怀集县,2,
441225,封开县,2,
441226,德庆县,2,
441284,四会市,2,
441300,惠州市,1,
441302,惠城区,2,
441303,惠阳区,2,
441322,博罗县,2,
441323,惠东县,2,
441324,龙门县,2,
441400,梅州市,1,
441402,梅江区,2,
441403,梅县区,2,
441422,大埔县,2,
441423,丰顺县,2,
441424,五华县,2,
441426,平远县,2,
441427,蕉岭县,2,
441481,兴宁市,2,
441500,汕尾市,1,
441502,城区,2,
441521,海丰县,2,
441523,陆河县,2,
441581,陆丰市,2,
441600,河源市,1,
441602,源城区,2,
441621,紫金县,2,
441622,龙川县,2,
441623,连平县,2,
441624,和平县,2,
441625,东源县,2,
441700,阳江市,1,
441702,江城区,2,
441704,阳东区,2,
441721,阳西县,2,
441781,阳春市,2,
441800,清远市,1,
441802,清城区,2,
441803,清新区,2,
441821,佛冈县,2,
441823,阳山县,2,
441825,连山壮族瑶族自治县,2,
441826,连南瑶族自治县,2,
441881,英德市,2,
441882,连州市,2,
441900,东莞市,1,
442000,中山市,1,
445100,潮州市,1,
445102,湘桥区,2,
445103,潮安区,2,
445122,饶平县,2,
445200,揭阳市,1,
445202,榕城区,2,
445203,揭东区,2,
445222,揭西县,2,
445224,惠来县,2,
445281,普宁市,2,
445300,云浮市,1,
445302,云城区,2,
445303,云安区,2,
445321,新兴县,2,
445322,郁南县,2,
445381,罗定市,2,
450000,广西壮族自治区,0,
450100,南宁市,1,
450102,兴宁区,2,
450103,青秀区,2,
450105,江南区,2,
450107,西乡塘区,2,
450108,良庆区,2,
450109,邕宁区,2,
450110,武鸣区,2,
450123,隆安县,2,
450124,马山县,2,
450125,上林县,2,
450126,宾阳县,2,
450127,横县,2,
450200,柳州市,1,
450202,城中区,2,
450203,鱼峰区,2,
450204,柳南区,2,
450205,柳北区,2,
450206,柳江区,2,
450222,柳城县,2,
450223,鹿寨县,2,
450224,融安县,2,
450225,融水苗族自治县,2,
450226,三江侗族自治县,2,
450300,桂林市,1,
450302,秀峰区,2,
450303,叠彩区,2,
450304,象山区,2,
450305,七星区,2,
450311,雁山区,2,
450312,临桂区,2,
450321,阳朔县,2,
450323,灵川县,2,
450324,全州县,2,
450325,兴安县,2,
450326,永福县,2,
450327,灌阳县,2,
450328,龙胜各族自治县,2,
450329,资源县,2,
450330,平乐县,2,
450332,恭城瑶族自治县,2,
450381,荔浦市,2,
450400,梧州市,1,
450403,万秀区,2,
450405,长洲区,2,
450406,龙圩区,2,
450421,苍梧县,2,
450422,藤县,2,
450423,蒙山县,2,
450481,岑溪市,2,
450500,北海市,1,
450502,海城区,2,
450503,银海区,2,
450512,铁山港区,2,
450521,合浦县,2,
450600,防城港市,1,
450602,港口区,2,
450603,防城区,2,
450621,上思县,2,
450681,东兴市,2,
450700,钦州市,1,
450702,钦南区,2,
450703,钦北区,2,
450721,灵山县,2,
450722,浦北县,2,
450800,贵港市,1,
450802,港北区,2,
450803,港南区,2,
450804,覃塘区,2,
450821,平南县,2,
450881,桂平市,2,
450900,玉林市,1,
450902,玉州区,2,
450903,福绵区,2,
450921,容县,2,
450922,陆川县,2,
450923,博白县,2,
450924,兴业县,2,
450981,北流市,2,
451000,百色市,1,
451002,右江区,2,
451003,田阳区,2,
451022,田东县,2,
451024,德保县,2,
451026,那坡县,2,
451027,凌云县,2,
451028,乐业县,2,
451029,田林县,2,
451030,西林县,2,
451031,隆林各族自治县,2,
451081,靖西市,2,
451082,平果市,2,
451100,贺州市,1,
451102,八步区,2,
451103,平桂区,2,
451121,昭平县,2,
451122,钟山县,2,
451123,富川瑶族自治县,2,
451200,河池市,1,
451202,金城江区,2,
451203,宜州区,2,
451221,南丹县,2,
451222,天峨县,2,
451223,凤山县,2,
451224,东兰县,2,
451225,罗城仫佬族自治县,2,
451226,环江毛南族自治县,2,
451227,巴马瑶族自治县,2,
451228,都安瑶族自治县,2,
451229,大化瑶族自治县,2,
451300,来宾市,1,
451302,兴宾区,2,
451321,忻城县,2,
451322,象州县,2,
451323,武宣县,2,
451324,金秀瑶族自治县,2,
451381,合山市,2,
451400,崇左市,1,
451402,江州区,2,
451421,扶绥县,2,
451422,宁明县,2,
451423,龙州县,2,
451424,大新县,2,
451425,天等县,2,
451481,凭祥市,2,
460000,海南省,0,
460100,海口市,1,
460105,秀英区,2,
460106,龙华区,2,
460107,琼山区,2,
460108,美兰区,2,
460200,三亚市,1,
460202,海棠区,2,
460203,吉阳区,2,
460204,天涯区,2,
460205,崖州区,2,
460300,三沙市,1,
,0,西沙区,2
,0,南沙区,2
460400,儋州市,1,
469001,五指山市,2,
469002,琼海市,2,
469005,文昌市,2,
469006,万宁市,2,
469007,东方市,2,
469021,定安县,2,
469022,屯昌县,2,
469023,澄迈县,2,
469024,临高县,2,
469025,白沙黎族自治县,2,
469026,昌江黎族自治县,2,
469027,乐东黎族自治县,2,
469028,陵水黎族自治县,2,
469029,保亭黎族苗族自治县,2,
469030,琼中黎族苗族自治县,2,
500000,重庆市,0,
500101,万州区,2,
500102,涪陵区,2,
500103,渝中区,2,
500104,大渡口区,2,
500105,江北区,2,
500106,沙坪坝区,2,
500107,九龙坡区,2,
500108,南岸区,2,
500109,北碚区,2,
500110,綦江区,2,
500111,大足区,2,
500112,渝北区,2,
500113,巴南区,2,
500114,黔江区,2,
500115,长寿区,2,
500116,江津区,2,
500117,合川区,2,
500118,永川区,2,
500119,南川区,2,
500120,璧山区,2,
500151,铜梁区,2,
500152,潼南区,2,
500153,荣昌区,2,
500154,开州区,2,
500155,梁平区,2,
500156,武隆区,2,
500229,城口县,2,
500230,丰都县,2,
500231,垫江县,2,
500233,忠县,2,
500235,云阳县,2,
500236,奉节县,2,
500237,巫山县,2,
500238,巫溪县,2,
500240,石柱土家族自治县,2,
500241,秀山土家族苗族自治县,2,
500242,酉阳土家族苗族自治县,2,
500243,彭水苗族土家族自治县,2,
510000,四川省,0,
510100,成都市,1,
510104,锦江区,2,
510105,青羊区,2,
510106,金牛区,2,
510107,武侯区,2,
510108,成华区,2,
510112,龙泉驿区,2,
510113,青白江区,2,
510114,新都区,2,
510115,温江区,2,
510116,双流区,2,
510117,郫都区,2,
510118,新津区,2,
510121,金堂县,2,
510129,大邑县,2,
510131,蒲江县,2,
510181,都江堰市,2,
510182,彭州市,2,
510183,邛崃市,2,
510184,崇州市,2,
510185,简阳市,2,
510300,自贡市,1,
510302,自流井区,2,
510303,贡井区,2,
510304,大安区,2,
510311,沿滩区,2,
510321,荣县,2,
510322,富顺县,2,
510400,攀枝花市,1,
510402,东区,2,
510403,西区,2,
510411,仁和区,2,
510421,米易县,2,
510422,盐边县,2,
510500,泸州市,1,
510502,江阳区,2,
510503,纳溪区,2,
510504,龙马潭区,2,
510521,泸县,2,
510522,合江县,2,
510524,叙永县,2,
510525,古蔺县,2,
510600,德阳市,1,
510603,旌阳区,2,
510604,罗江区,2,
510623,中江县,2,
510681,广汉市,2,
510682,什邡市,2,
510683,绵竹市,2,
510700,绵阳市,1,
510703,涪城区,2,
510704,游仙区,2,
510705,安州区,2,
510722,三台县,2,
510723,盐亭县,2,
510725,梓潼县,2,
510726,北川羌族自治县,2,
510727,平武县,2,
510781,江油市,2,
510800,广元市,1,
510802,利州区,2,
510811,昭化区,2,
510812,朝天区,2,
510821,旺苍县,2,
510822,青川县,2,
510823,剑阁县,2,
510824,苍溪县,2,
510900,遂宁市,1,
510903,船山区,2,
510904,安居区,2,
510921,蓬溪县,2,
510923,大英县,2,
510981,射洪市,2,
511000,内江市,1,
511002,市中区,2,
511011,东兴区,2,
511024,威远县,2,
511025,资中县,2,
511083,隆昌市,2,
511100,乐山市,1,
511102,市中区,2,
511111,沙湾区,2,
511112,五通桥区,2,
511113,金口河区,2,
511123,犍为县,2,
511124,井研县,2,
511126,夹江县,2,
511129,沐川县,2,
511132,峨边彝族自治县,2,
511133,马边彝族自治县,2,
511181,峨眉山市,2,
511300,南充市,1,
511302,顺庆区,2,
511303,高坪区,2,
511304,嘉陵区,2,
511321,南部县,2,
511322,营山县,2,
511323,蓬安县,2,
511324,仪陇县,2,
511325,西充县,2,
511381,阆中市,2,
511400,眉山市,1,
511402,东坡区,2,
511403,彭山区,2,
511421,仁寿县,2,
511423,洪雅县,2,
511424,丹棱县,2,
511425,青神县,2,
511500,宜宾市,1,
511502,翠屏区,2,
511503,南溪区,2,
511504,叙州区,2,
511523,江安县,2,
511524,长宁县,2,
511525,高县,2,
511526,珙县,2,
511527,筠连县,2,
511528,兴文县,2,
511529,屏山县,2,
511600,广安市,1,
511602,广安区,2,
511603,前锋区,2,
511621,岳池县,2,
511622,武胜县,2,
511623,邻水县,2,
511681,华蓥市,2,
511700,达州市,1,
511702,通川区,2,
511703,达川区,2,
511722,宣汉县,2,
511723,开江县,2,
511724,大竹县,2,
511725,渠县,2,
511781,万源市,2,
511800,雅安市,1,
511802,雨城区,2,
511803,名山区,2,
511822,荥经县,2,
511823,汉源县,2,
511824,石棉县,2,
511825,天全县,2,
511826,芦山县,2,
511827,宝兴县,2,
511900,巴中市,1,
511902,巴州区,2,
511903,恩阳区,2,
511921,通江县,2,
511922,南江县,2,
511923,平昌县,2,
512000,资阳市,1,
512002,雁江区,2,
512021,安岳县,2,
512022,乐至县,2,
513200,阿坝藏族羌族自治州,1,
513201,马尔康市,2,
513221,汶川县,2,
513222,理县,2,
513223,茂县,2,
513224,松潘县,2,
513225,九寨沟县,2,
513226,金川县,2,
513227,小金县,2,
513228,黑水县,2,
513230,壤塘县,2,
513231,阿坝县,2,
513232,若尔盖县,2,
513233,红原县,2,
513300,甘孜藏族自治州,1,
513301,康定市,2,
513322,泸定县,2,
513323,丹巴县,2,
513324,九龙县,2,
513325,雅江县,2,
513326,道孚县,2,
513327,炉霍县,2,
513328,甘孜县,2,
513329,新龙县,2,
513330,德格县,2,
513331,白玉县,2,
513332,石渠县,2,
513333,色达县,2,
513334,理塘县,2,
513335,巴塘县,2,
513336,乡城县,2,
513337,稻城县,2,
513338,得荣县,2,
513400,凉山彝族自治州,1,
513401,西昌市,2,
513422,木里藏族自治县,2,
513423,盐源县,2,
513424,德昌县,2,
513425,会理县,2,
513426,会东县,2,
513427,宁南县,2,
513428,普格县,2,
513429,布拖县,2,
513430,金阳县,2,
513431,昭觉县,2,
513432,喜德县,2,
513433,冕宁县,2,
513434,越西县,2,
513435,甘洛县,2,
513436,美姑县,2,
513437,雷波县,2,
520000,贵州省,0,
520100,贵阳市,1,
520102,南明区,2,
520103,云岩区,2,
520111,花溪区,2,
520112,乌当区,2,
520113,白云区,2,
520115,观山湖区,2,
520121,开阳县,2,
520122,息烽县,2,
520123,修文县,2,
520181,清镇市,2,
520200,六盘水市,1,
520201,钟山区,2,
520203,六枝特区,2,
520204,水城区,2,
520281,盘州市,2,
520300,遵义市,1,
520302,红花岗区,2,
520303,汇川区,2,
520304,播州区,2,
520322,桐梓县,2,
520323,绥阳县,2,
520324,正安县,2,
520325,道真仡佬族苗族自治县,2,
520326,务川仡佬族苗族自治县,2,
520327,凤冈县,2,
520328,湄潭县,2,
520329,余庆县,2,
520330,习水县,2,
520381,赤水市,2,
520382,仁怀市,2,
520400,安顺市,1,
520402,西秀区,2,
520403,平坝区,2,
520422,普定县,2,
520423,镇宁布依族苗族自治县,2,
520424,关岭布依族苗族自治县,2,
520425,紫云苗族布依族自治县,2,
520500,毕节市,1,
520502,七星关区,2,
520521,大方县,2,
520522,黔西县,2,
520523,金沙县,2,
520524,织金县,2,
520525,纳雍县,2,
520526,威宁彝族回族苗族自治县,2,
520527,赫章县,2,
520600,铜仁市,1,
520602,碧江区,2,
520603,万山区,2,
520621,江口县,2,
520622,玉屏侗族自治县,2,
520623,石阡县,2,
520624,思南县,2,
520625,印江土家族苗族自治县,2,
520626,德江县,2,
520627,沿河土家族自治县,2,
520628,松桃苗族自治县,2,
522300,黔西南布依族苗族自治州,1,
522301,兴义市,2,
522302,兴仁市,2,
522323,普安县,2,
522324,晴隆县,2,
522325,贞丰县,2,
522326,望谟县,2,
522327,册亨县,2,
522328,安龙县,2,
522600,黔东南苗族侗族自治州,1,
522601,凯里市,2,
522622,黄平县,2,
522623,施秉县,2,
522624,三穗县,2,
522625,镇远县,2,
522626,岑巩县,2,
522627,天柱县,2,
522628,锦屏县,2,
522629,剑河县,2,
522630,台江县,2,
522631,黎平县,2,
522632,榕江县,2,
522633,从江县,2,
522634,雷山县,2,
522635,麻江县,2,
522636,丹寨县,2,
522700,黔南布依族苗族自治州,1,
522701,都匀市,2,
522702,福泉市,2,
522722,荔波县,2,
522723,贵定县,2,
522725,瓮安县,2,
522726,独山县,2,
522727,平塘县,2,
522728,罗甸县,2,
522729,长顺县,2,
522730,龙里县,2,
522731,惠水县,2,
522732,三都水族自治县,2,
530000,云南省,0,
530100,昆明市,1,
530102,五华区,2,
530103,盘龙区,2,
530111,官渡区,2,
530112,西山区,2,
530113,东川区,2,
530114,呈贡区,2,
530115,晋宁区,2,
530124,富民县,2,
530125,宜良县,2,
530126,石林彝族自治县,2,
530127,嵩明县,2,
530128,禄劝彝族苗族自治县,2,
530129,寻甸回族彝族自治县,2,
530181,安宁市,2,
530300,曲靖市,1,
530302,麒麟区,2,
530303,沾益区,2,
530304,马龙区,2,
530322,陆良县,2,
530323,师宗县,2,
530324,罗平县,2,
530325,富源县,2,
530326,会泽县,2,
530381,宣威市,2,
530400,玉溪市,1,
530402,红塔区,2,
530403,江川区,2,
530423,通海县,2,
530424,华宁县,2,
530425,易门县,2,
530426,峨山彝族自治县,2,
530427,新平彝族傣族自治县,2,
530428,元江哈尼族彝族傣族自治县,2,
530481,澄江市,2,
530500,保山市,1,
530502,隆阳区,2,
530521,施甸县,2,
530523,龙陵县,2,
530524,昌宁县,2,
530581,腾冲市,2,
530600,昭通市,1,
530602,昭阳区,2,
530621,鲁甸县,2,
530622,巧家县,2,
530623,盐津县,2,
530624,大关县,2,
530625,永善县,2,
530626,绥江县,2,
530627,镇雄县,2,
530628,彝良县,2,
530629,威信县,2,
530681,水富市,2,
530700,丽江市,1,
530702,古城区,2,
530721,玉龙纳西族自治县,2,
530722,永胜县,2,
530723,华坪县,2,
530724,宁蒗彝族自治县,2,
530800,普洱市,1,
530802,思茅区,2,
530821,宁洱哈尼族彝族自治县,2,
530822,墨江哈尼族自治县,2,
530823,景东彝族自治县,2,
530824,景谷傣族彝族自治县,2,
530825,镇沅彝族哈尼族拉祜族自治县,2,
530826,江城哈尼族彝族自治县,2,
530827,孟连傣族拉祜族佤族自治县,2,
530828,澜沧拉祜族自治县,2,
530829,西盟佤族自治县,2,
530900,临沧市,1,
530902,临翔区,2,
530921,凤庆县,2,
530922,云县,2,
530923,永德县,2,
530924,镇康县,2,
530925,双江拉祜族佤族布朗族傣族自治县,2,
530926,耿马傣族佤族自治县,2,
530927,沧源佤族自治县,2,
532300,楚雄彝族自治州,1,
532301,楚雄市,2,
532322,双柏县,2,
532323,牟定县,2,
532324,南华县,2,
532325,姚安县,2,
532326,大姚县,2,
532327,永仁县,2,
532328,元谋县,2,
532329,武定县,2,
532331,禄丰县,2,
532500,红河哈尼族彝族自治州,1,
532501,个旧市,2,
532502,开远市,2,
532503,蒙自市,2,
532504,弥勒市,2,
532523,屏边苗族自治县,2,
532524,建水县,2,
532525,石屏县,2,
532527,泸西县,2,
532528,元阳县,2,
532529,红河县,2,
532530,金平苗族瑶族傣族自治县,2,
532531,绿春县,2,
532532,河口瑶族自治县,2,
532600,文山壮族苗族自治州,1,
532601,文山市,2,
532622,砚山县,2,
532623,西畴县,2,
532624,麻栗坡县,2,
532625,马关县,2,
532626,丘北县,2,
532627,广南县,2,
532628,富宁县,2,
532800,西双版纳傣族自治州,1,
532801,景洪市,2,
532822,勐海县,2,
532823,勐腊县,2,
532900,大理白族自治州,1,
532901,大理市,2,
532922,漾濞彝族自治县,2,
532923,祥云县,2,
532924,宾川县,2,
532925,弥渡县,2,
532926,南涧彝族自治县,2,
532927,巍山彝族回族自治县,2,
532928,永平县,2,
532929,云龙县,2,
532930,洱源县,2,
532931,剑川县,2,
532932,鹤庆县,2,
533100,德宏傣族景颇族自治州,1,
533102,瑞丽市,2,
533103,芒市,2,
533122,梁河县,2,
533123,盈江县,2,
533124,陇川县,2,
533300,怒江傈僳族自治州,1,
533301,泸水市,2,
533323,福贡县,2,
533324,贡山独龙族怒族自治县,2,
533325,兰坪白族普米族自治县,2,
533400,迪庆藏族自治州,1,
533401,香格里拉市,2,
533422,德钦县,2,
533423,维西傈僳族自治县,2,
540000,西藏自治区,0,
540100,拉萨市,1,
540102,城关区,2,
540103,堆龙德庆区,2,
540104,达孜区,2,
540121,林周县,2,
540122,当雄县,2,
540123,尼木县,2,
540124,曲水县,2,
540127,墨竹工卡县,2,
540200,日喀则市,1,
540202,桑珠孜区,2,
540221,南木林县,2,
540222,江孜县,2,
540223,定日县,2,
540224,萨迦县,2,
540225,拉孜县,2,
540226,昂仁县,2,
540227,谢通门县,2,
540228,白朗县,2,
540229,仁布县,2,
540230,康马县,2,
540231,定结县,2,
540232,仲巴县,2,
540233,亚东县,2,
540234,吉隆县,2,
540235,聂拉木县,2,
540236,萨嘎县,2,
540237,岗巴县,2,
540300,昌都市,1,
540302,卡若区,2,
540321,江达县,2,
540322,贡觉县,2,
540323,类乌齐县,2,
540324,丁青县,2,
540325,察雅县,2,
540326,八宿县,2,
540327,左贡县,2,
540328,芒康县,2,
540329,洛隆县,2,
540330,边坝县,2,
540400,林芝市,1,
540402,巴宜区,2,
540421,工布江达县,2,
540422,米林县,2,
540423,墨脱县,2,
540424,波密县,2,
540425,察隅县,2,
540426,朗县,2,
540500,山南市,1,
540502,乃东区,2,
540521,扎囊县,2,
540522,贡嘎县,2,
540523,桑日县,2,
540524,琼结县,2,
540525,曲松县,2,
540526,措美县,2,
540527,洛扎县,2,
540528,加查县,2,
540529,隆子县,2,
540530,错那县,2,
540531,浪卡子县,2,
540600,那曲市,1,
540602,色尼区,2,
540621,嘉黎县,3,
540622,比如县,3,
540623,聂荣县,3,
540624,安多县,3,
540625,申扎县,3,
540626,索县,5,
540627,班戈县,3,
540628,巴青县,3,
540629,尼玛县,3,
540630,双湖县,3,
542500,阿里地区,1,
542521,普兰县,2,
542522,札达县,2,
542523,噶尔县,2,
542524,日土县,2,
542525,革吉县,2,
542526,改则县,2,
542527,措勤县,2,
610000,陕西省,0,
610100,西安市,1,
610102,新城区,2,
610103,碑林区,2,
610104,莲湖区,2,
610111,灞桥区,2,
610112,未央区,2,
610113,雁塔区,2,
610114,阎良区,2,
610115,临潼区,2,
610116,长安区,2,
610117,高陵区,2,
610118,邑区,2,
610122,蓝田县,2,
610124,周至县,2,
610200,铜川市,1,
610202,王益区,2,
610203,印台区,2,
610204,耀州区,2,
610222,宜君县,2,
610300,宝鸡市,1,
610302,渭滨区,2,
610303,金台区,2,
610304,陈仓区,2,
610322,凤翔县,2,
610323,岐山县,2,
610324,扶风县,2,
610326,眉县,2,
610327,陇县,2,
610328,千阳县,2,
610329,麟游县,2,
610330,凤县,2,
610331,太白县,2,
610400,咸阳市,1,
610402,秦都区,2,
610403,杨陵区,2,
610404,渭城区,2,
610422,三原县,2,
610423,泾阳县,2,
610424,乾县,2,
610425,礼泉县,2,
610426,永寿县,2,
610428,长武县,2,
610429,旬邑县,2,
610430,淳化县,2,
610431,武功县,2,
610481,兴平市,2,
610482,彬州市,2,
610500,渭南市,1,
610502,临渭区,2,
610503,华州区,2,
610522,潼关县,2,
610523,大荔县,2,
610524,合阳县,2,
610525,澄城县,2,
610526,蒲城县,2,
610527,白水县,2,
610528,富平县,2,
610581,韩城市,2,
610582,华阴市,2,
610600,延安市,1,
610602,宝塔区,2,
610603,安塞区,2,
610621,延长县,2,
610622,延川县,2,
610625,志丹县,2,
610626,吴起县,2,
610627,甘泉县,2,
610628,富县,2,
610629,洛川县,2,
610630,宜川县,2,
610631,黄龙县,2,
610632,黄陵县,2,
610681,子长市,2,
610700,汉中市,1,
610702,汉台区,2,
610703,南郑区,2,
610722,城固县,2,
610723,洋县,2,
610724,西乡县,2,
610725,勉县,2,
610726,宁强县,2,
610727,略阳县,2,
610728,镇巴县,2,
610729,留坝县,2,
610730,佛坪县,2,
610800,榆林市,1,
610802,榆阳区,2,
610803,横山区,2,
610822,府谷县,2,
610824,靖边县,2,
610825,定边县,2,
610826,绥德县,2,
610827,米脂县,2,
610828,佳县,2,
610829,吴堡县,2,
610830,清涧县,2,
610831,子洲县,2,
610881,神木市,2,
610900,安康市,1,
610902,汉滨区,2,
610921,汉阴县,2,
610922,石泉县,2,
610923,宁陕县,2,
610924,紫阳县,2,
610925,岚皋县,2,
610926,平利县,2,
610927,镇坪县,2,
610928,旬阳县,2,
610929,白河县,2,
611000,商洛市,1,
611002,商州区,2,
611021,洛南县,2,
611022,丹凤县,2,
611023,商南县,2,
611024,山阳县,2,
611025,镇安县,2,
611026,柞水县,2,
620000,甘肃省,0,
620100,兰州市,1,
620102,城关区,2,
620103,七里河区,2,
620104,西固区,2,
620105,安宁区,2,
620111,红古区,2,
620121,永登县,2,
620122,皋兰县,2,
620123,榆中县,2,
620200,嘉峪关市,1,
620300,金昌市,1,
620302,金川区,2,
620321,永昌县,2,
620400,白银市,1,
620402,白银区,2,
620403,平川区,2,
620421,靖远县,2,
620422,会宁县,2,
620423,景泰县,2,
620500,天水市,1,
620502,秦州区,2,
620503,麦积区,2,
620521,清水县,2,
620522,秦安县,2,
620523,甘谷县,2,
620524,武山县,2,
620525,张家川回族自治县,2,
620600,武威市,1,
620602,凉州区,2,
620621,民勤县,2,
620622,古浪县,2,
620623,天祝藏族自治县,2,
620700,张掖市,1,
620702,甘州区,2,
620721,肃南裕固族自治县,2,
620722,民乐县,2,
620723,临泽县,2,
620724,高台县,2,
620725,山丹县,2,
620800,平凉市,1,
620802,崆峒区,2,
620821,泾川县,2,
620822,灵台县,2,
620823,崇信县,2,
620825,庄浪县,2,
620826,静宁县,2,
620881,华亭市,2,
620900,酒泉市,1,
620902,肃州区,2,
620921,金塔县,2,
620922,瓜州县,2,
620923,肃北蒙古族自治县,2,
620924,阿克塞哈萨克族自治县,2,
620981,玉门市,2,
620982,敦煌市,2,
621000,庆阳市,1,
621002,西峰区,2,
621021,庆城县,2,
621022,环县,2,
621023,华池县,2,
621024,合水县,2,
621025,正宁县,2,
621026,宁县,2,
621027,镇原县,2,
621100,定西市,1,
621102,安定区,2,
621121,通渭县,2,
621122,陇西县,2,
621123,渭源县,2,
621124,临洮县,2,
621125,漳县,2,
621126,岷县,2,
621200,陇南市,1,
621202,武都区,2,
621221,成县,2,
621222,文县,2,
621223,宕昌县,2,
621224,康县,2,
621225,西和县,2,
621226,礼县,2,
621227,徽县,2,
621228,两当县,2,
622900,临夏回族自治州,1,
622901,临夏市,2,
622921,临夏县,2,
622922,康乐县,2,
622923,永靖县,2,
622924,广河县,2,
622925,和政县,2,
622926,东乡族自治县,2,
622927,积石山保安族东乡族撒拉族自治县,2,
623000,甘南藏族自治州,1,
623001,合作市,2,
623021,临潭县,2,
623022,卓尼县,2,
623023,舟曲县,2,
623024,迭部县,2,
623025,玛曲县,2,
623026,碌曲县,2,
623027,夏河县,2,
630000,青海省,0,
630100,西宁市,1,
630102,城东区,2,
630103,城中区,2,
630104,城西区,2,
630105,城北区,2,
630106,湟中区,2,
630121,大通回族土族自治县,2,
630123,湟源县,2,
630200,海东市,1,
630202,乐都区,2,
630203,平安区,2,
630222,民和回族土族自治县,2,
630223,互助土族自治县,2,
630224,化隆回族自治县,2,
630225,循化撒拉族自治县,2,
632200,海北藏族自治州,1,
632221,门源回族自治县,2,
632222,祁连县,2,
632223,海晏县,2,
632224,刚察县,2,
632300,黄南藏族自治州,1,
632301,同仁市,2,
632322,尖扎县,2,
632323,泽库县,2,
632324,河南蒙古族自治县,2,
632500,海南藏族自治州,1,
632521,共和县,2,
632522,同德县,2,
632523,贵德县,2,
632524,兴海县,2,
632525,贵南县,2,
632600,果洛藏族自治州,1,
632621,玛沁县,2,
632622,班玛县,2,
632623,甘德县,2,
632624,达日县,2,
632625,久治县,2,
632626,玛多县,2,
632700,玉树藏族自治州,1,
632701,玉树市,2,
632722,杂多县,2,
632723,称多县,2,
632724,治多县,2,
632725,囊谦县,2,
632726,曲麻莱县,2,
632800,海西蒙古族藏族自治州,1,
632801,格尔木市,2,
632802,德令哈市,2,
632803,茫崖市,2,
632821,乌兰县,2,
632822,都兰县,2,
632823,天峻县,2,
640000,宁夏回族自治区,0,
640100,银川市,1,
640104,兴庆区,2,
640105,西夏区,2,
640106,金凤区,2,
640121,永宁县,2,
640122,贺兰县,2,
640181,灵武市,2,
640200,石嘴山市,1,
640202,大武口区,2,
640205,惠农区,2,
640221,平罗县,2,
640300,吴忠市,1,
640302,利通区,2,
640303,红寺堡区,2,
640323,盐池县,2,
640324,同心县,2,
640381,青铜峡市,2,
640400,固原市,1,
640402,原州区,2,
640422,西吉县,2,
640423,隆德县,2,
640424,泾源县,2,
640425,彭阳县,2,
640500,中卫市,1,
640502,沙坡头区,2,
640521,中宁县,2,
640522,海原县,2,
650000,新疆维吾尔自治区,0,
650100,乌鲁木齐市,1,
650102,天山区,2,
650103,沙依巴克区,2,
650104,新市区,2,
650105,水磨沟区,2,
650106,头屯河区,2,
650107,达坂城区,2,
650109,米东区,2,
650121,乌鲁木齐县,2,
650200,克拉玛依市,1,
650202,独山子区,2,
650203,克拉玛依区,2,
650204,白碱滩区,2,
650205,乌尔禾区,2,
650400,吐鲁番市,1,
650402,高昌区,2,
650421,鄯善县,2,
650422,托克逊县,2,
650500,哈密市,1,
650502,伊州区,2,
650521,巴里坤哈萨克自治县,2,
650522,伊吾县,2,
652300,昌吉回族自治州,1,
652301,昌吉市,2,
652302,阜康市,2,
652323,呼图壁县,2,
652324,玛纳斯县,2,
652325,奇台县,2,
652327,吉木萨尔县,2,
652328,木垒哈萨克自治县,2,
652700,博尔塔拉蒙古自治州,1,
652701,博乐市,2,
652702,阿拉山口市,2,
652722,精河县,2,
652723,温泉县,2,
652800,巴音郭楞蒙古自治州,1,
652801,库尔勒市,2,
652822,轮台县,2,
652823,尉犁县,2,
652824,若羌县,2,
652825,且末县,2,
652826,焉耆回族自治县,2,
652827,和静县,2,
652828,和硕县,2,
652829,博湖县,2,
652900,阿克苏地区,1,
652901,阿克苏市,2,
652902,库车市,2,
652922,温宿县,2,
652924,沙雅县,2,
652925,新和县,2,
652926,拜城县,2,
652927,乌什县,2,
652928,阿瓦提县,2,
652929,柯坪县,2,
653000,克孜勒苏柯尔克孜自治州,1,
653001,阿图什市,2,
653022,阿克陶县,2,
653023,阿合奇县,2,
653024,乌恰县,2,
653100,喀什地区,1,
653101,喀什市,2,
653121,疏附县,2,
653122,疏勒县,2,
653123,英吉沙县,2,
653124,泽普县,2,
653125,莎车县,2,
653126,叶城县,2,
653127,麦盖提县,2,
653128,岳普湖县,2,
653129,伽师县,2,
653130,巴楚县,2,
653131,塔什库尔干塔吉克自治县,2,
653200,和田地区,1,
653201,和田市,2,
653221,和田县,2,
653222,墨玉县,2,
653223,皮山县,2,
653224,洛浦县,2,
653225,策勒县,2,
653226,于田县,2,
653227,民丰县,2,
654000,伊犁哈萨克自治州,1,
654002,伊宁市,2,
654003,奎屯市,2,
654004,霍尔果斯市,2,
654021,伊宁县,2,
654022,察布查尔锡伯自治县,2,
654023,霍城县,2,
654024,巩留县,2,
654025,新源县,2,
654026,昭苏县,2,
654027,特克斯县,2,
654028,尼勒克县,2,
654200,塔城地区,1,
654201,塔城市,2,
654202,乌苏市,2,
654221,额敏县,2,
654223,沙湾县,2,
654224,托里县,2,
654225,裕民县,2,
654226,和布克赛尔蒙古自治县,2,
654300,阿勒泰地区,1,
654301,阿勒泰市,2,
654321,布尔津县,2,
654322,富蕴县,2,
654323,福海县,2,
654324,哈巴河县,2,
654325,青河县,2,
654326,吉木乃县,2,
659001,石河子市,2,
659002,阿拉尔市,2,
659003,图木舒克市,2,
659004,五家渠市,2,
659005,北屯市,2,
659006,铁门关市,2,
659007,双河市,2,
659008,可克达拉市,2,
659009,昆玉市,2,
659010,胡杨河市,2,
710000,台湾省,0,
810000,香港特别行政区,0,
820000,澳门特别行政区,0,
